NewsAPI,AMD stock surges 10%. Here's what sparked the rally,Shannon Carroll,https://qz.com/amd-stock-share-price-rally-nvidia-lisa-su-helios,1,Positive
NewsAPI,The Powerful AMD Ryzen 9800X3D and 9950X3D Gaming CPUs Are in Stock and Slightly Discounted,Eric Song,https://www.ign.com/articles/amd-ryzen-9800x3d-and-9950x3d-gaming-cpus-are-in-stock-and-slightly-discounted,0,Negative
NewsAPI,"Buy Nvidia, AMD Supplier Micron Stock Down 20% for AI Growth",,https://consent.yahoo.com/v2/collectConsent?sessionId=1_cc-session_b3fab752-f5e6-4f02-91a4-4f98e2511899,0,Negative
NewsAPI,Four reasons why itâ€™s a surprisingly bad time to buy a gaming handheld,Sean Hollister,https://www.theverge.com/editorial/688415/state-of-handheld-gaming-editorial-switch-2-deck-oled-sold-out,0,Negative
NewsAPI,The Powerful AMD Zen 5 9800X3D and 9950X3D Gaming CPUs Are Back in Stock on Amazon,Eric Song,https://www.ign.com/articles/amd-ryzen-9-9800x3d-9950x3d-gaming-cpu-deal-2025,0,Negative
stocks,QuantumScape (QS) +37% Premarket After Major Solid-State Battery Breakthrough,twenson,https://www.reddit.com/r/stocks/comments/1lk5d99/quantumscape_qs_37_premarket_after_major/,1,Positive
stocks,Musk Confidant Afshar Exits Tesla in Latest High-Level Departure,joe4942,https://www.reddit.com/r/stocks/comments/1ll3kol/musk_confidant_afshar_exits_tesla_in_latest/,0,Negative
stocks,"Insurance & insuretech bloodbath LMND, ROOT",Creative-Cranberry47,https://www.reddit.com/r/stocks/comments/1lklywe/insurance_insuretech_bloodbath_lmnd_root/,0,Negative
stocks,Why does market even react to opinions of Trump-appointed Feds?,FoxontheRun2023,https://www.reddit.com/r/stocks/comments/1lkd6ka/why_does_market_even_react_to_opinions_of/,0,Negative
stocks,90 days tariffs hold ending soon. Thoughts?,Defiant-Tomatillo851,https://www.reddit.com/r/stocks/comments/1ljje1m/90_days_tariffs_hold_ending_soon_thoughts/,0,Negative
wallstreetbets,reddit is invading india harder than the redcoats,JohnnyTheBoneless,https://www.reddit.com/r/wallstreetbets/comments/1lk8qm3/reddit_is_invading_india_harder_than_the_redcoats/,0,Negative
wallstreetbets,LEAP 40 bagger ðŸ¤¯ RKLB just getting started.,Spare-Conversation12,https://www.reddit.com/r/wallstreetbets/comments/1ll4a2h/leap_40_bagger_rklb_just_getting_started/,0,Negative
wallstreetbets,"30x CRCL 245P  $80K In -$26K Unrealized, Where My Bull Market?",awtrooper,https://www.reddit.com/r/wallstreetbets/comments/1ll2xg4/30x_crcl_245p_80k_in_26k_unrealized_where_my_bull/,0,Negative
wallstreetbets,HODLing Till I Can Buy A House,Entworth,https://www.reddit.com/r/wallstreetbets/comments/1lkyiks/hodling_till_i_can_buy_a_house/,0,Negative
wallstreetbets,I love woke stocks! NKE calls paid big,HazardousRhombus,https://www.reddit.com/r/wallstreetbets/comments/1llu0uq/i_love_woke_stocks_nke_calls_paid_big/,1,Positive
NewsAPI,Why AMD Stock Has Rallied 60%,"Trefis Team, Contributor, 
 Trefis Team, Contributor
 https://www.forbes.com/sites/greatspeculations/people/trefis/",https://www.forbes.com/sites/greatspeculations/2025/06/18/why-amd-stock-has-rallied-60/,0,Negative
NewsAPI,Better Artificial Intelligence Stock: Nvidia vs. AMD,,https://consent.yahoo.com/v2/collectConsent?sessionId=1_cc-session_2ee667b3-2391-4664-96ea-aa546512de76,0,Negative
NewsAPI,NVIDIA's leaked APU could change gaming laptop design forever. Here's why.,"c.cale.hunt@gmail.com (Cale Hunt) , Cale Hunt",https://www.windowscentral.com/hardware/nvidia/nvidias-leaked-apu-could-change-gaming-laptop-design-forever-heres-why,0,Negative
NewsAPI,AMD Shares Rise as Analysts Predict Massive GPU Boom,Nauman khan,https://finance.yahoo.com/news/amd-shares-rise-analysts-predict-181541772.html,1,Positive
NewsAPI,"This 15â€³ HP Laptop (64GB RAM, 2TB SSD) Is Down $3,500, Amazon Clears Out 2025 Model at 90% Off",Gizmodo Deals,https://gizmodo.com/this-15-hp-laptop-64gb-ram-2tb-ssd-is-down-3500-amazon-clears-out-2025-model-at-90-off-2000610883,0,Negative
investing,Were retail investors aware of mortgage backed securities before the 2008 GFC?,Zpry69,https://www.reddit.com/r/investing/comments/1ljhmj7/were_retail_investors_aware_of_mortgage_backed/,0,Negative
investing,Hims and Novo Nordisk Situation,Early_Government1406,https://www.reddit.com/r/investing/comments/1lju5zk/hims_and_novo_nordisk_situation/,0,Negative
investing,Owner finance property or lump sum?,KayaLyka,https://www.reddit.com/r/investing/comments/1ljroy5/owner_finance_property_or_lump_sum/,0,Negative
investing,Are there any logical arguments to NOT invest in international funds?,Alterna9,https://www.reddit.com/r/investing/comments/1ljgli9/are_there_any_logical_arguments_to_not_invest_in/,0,Negative
investing,Summer correction incoming?,TemperatureLow226,https://www.reddit.com/r/investing/comments/1ljmqk9/summer_correction_incoming/,0,Negative
finance,Europeâ€™s Stocks Dominate World Markets as US Trade War Backfires,rezwenn,https://www.reddit.com/r/finance/comments/1l0qqq7/europes_stocks_dominate_world_markets_as_us_trade/,0,Negative
finance,"Fedâ€™s Hammack wants clear data before moving on rates, not much data by June",DrThomasBuro,https://www.reddit.com/r/finance/comments/1kj6j5d/feds_hammack_wants_clear_data_before_moving_on/,0,Negative
finance,"Fed holds rates steady, stays on track for 2 more cuts in 2025",yahoofinance,https://www.reddit.com/r/finance/comments/1jf3dx4/fed_holds_rates_steady_stays_on_track_for_2_more/,1,Positive
finance,The era of American stock market exceptionalism is over,AnonymousTimewaster,https://www.reddit.com/r/finance/comments/1k2tcqq/the_era_of_american_stock_market_exceptionalism/,0,Negative
finance,Trump threatens new tariffs on smartphones days after exempting them,chilladipa,https://www.reddit.com/r/finance/comments/1jyxfyi/trump_threatens_new_tariffs_on_smartphones_days/,0,Negative
NewsAPI,Best deals for PC gamers today: boutique rigs and game bundles,Christian Wait,https://www.rockpapershotgun.com/best-deals-for-today-june-19,1,Positive
NewsAPI,"Amazon Clears Out Dell Inspiron (Ryzen 7, 1TB SSD, Win 11 Pro) Stock, Now $2,800 Off and Bonuses Included",Gizmodo Deals,https://gizmodo.com/amazon-clears-out-dell-inspiron-ryzen-7-1tb-ssd-win-11-pro-stock-now-2800-off-and-bonuses-included-2000616153,0,Negative
NewsAPI,Framework Laptop 12 press reviews are live and Framework Laptop 13 in-stock,,https://frame.work/blog/framework-laptop-12-press-reviews-are-live-and-framework-laptop-13-in-stock,0,Negative
NewsAPI,AMD Stock Is in the â€˜Middle of a Historic Run.â€™ Is It Too Late to Buy Shares Here?,Ebube Jones,https://www.barchart.com/story/news/33075885/amd-stock-is-in-the-middle-of-a-historic-run-is-it-too-late-to-buy-shares-here,0,Negative
NewsAPI,Four reasons why itâ€™s a surprisingly bad time to buy a gaming handheld,Sean Hollister,https://www.theverge.com/editorial/688415/state-of-handheld-gaming-editorial-switch-2-deck-oled-sold-out,0,Negative
NewsAPI,Inside Microsoftâ€™s complicated relationship with OpenAI,Tom Warren,https://www.theverge.com/notepad-microsoft-newsletter/688964/microsoft-openai-relationship-notepad,1,Positive
NewsAPI,"Why chase a Nintendo Switch 2 when the Lenovo Legion Go is $200 off, in stock, and runs Windows 11 or SteamOS?","sean.endicott@futurenet.com (Sean Endicott) , Sean Endicott",https://www.windowscentral.com/gaming/pc-gaming/why-chase-a-nintendo-switch-2-when-the-lenovo-legion-go-is-usd200-off-in-stock-and-runs-windows-11-or-steamos,0,Negative
NewsAPI,Leaked AMD Ryzen 5 X3D gaming CPU will dominate the market â€” and it could launch this year,"c.cale.hunt@gmail.com (Cale Hunt) , Cale Hunt",https://www.windowscentral.com/hardware/cpu-gpu-components/amd-ryzen-5-9600x3d-leak,0,Negative
NewsAPI,"Buy Nvidia, AMD Supplier Micron Stock Down 20% for AI Growth",,https://consent.yahoo.com/v2/collectConsent?sessionId=1_cc-session_b3fab752-f5e6-4f02-91a4-4f98e2511899,0,Negative
NewsAPI,NVIDIA's leaked APU could change gaming laptop design forever. Here's why.,"c.cale.hunt@gmail.com (Cale Hunt) , Cale Hunt",https://www.windowscentral.com/hardware/nvidia/nvidias-leaked-apu-could-change-gaming-laptop-design-forever-heres-why,0,Negative
NewsAPI,"This 15â€³ HP Laptop (64GB RAM, 2TB SSD) Is Down $3,500, Amazon Clears Out 2025 Model at 90% Off",Gizmodo Deals,https://gizmodo.com/this-15-hp-laptop-64gb-ram-2tb-ssd-is-down-3500-amazon-clears-out-2025-model-at-90-off-2000610883,0,Negative
NewsAPI,AMD stock surges 10%. Here's what sparked the rally,Shannon Carroll,https://qz.com/amd-stock-share-price-rally-nvidia-lisa-su-helios,1,Positive
NewsAPI,"Buy Nvidia, AMD Supplier Micron Stock Down 20% for AI Growth",,https://consent.yahoo.com/v2/collectConsent?sessionId=1_cc-session_b3fab752-f5e6-4f02-91a4-4f98e2511899,0,Negative
NewsAPI,"AMD, Keysight Technologies Collaborate to Develop PCIe 6.0 for High-Speed AI Applications",Maham Fatima,https://finance.yahoo.com/news/amd-keysight-technologies-collaborate-develop-200329267.html,1,Positive
NewsAPI,Best deals for PC gamers today: boutique rigs and game bundles,Christian Wait,https://www.rockpapershotgun.com/best-deals-for-today-june-19,1,Positive
NewsAPI,The Powerful AMD Ryzen 9800X3D and 9950X3D Gaming CPUs Are in Stock and Slightly Discounted,Eric Song,https://www.ign.com/articles/amd-ryzen-9800x3d-and-9950x3d-gaming-cpus-are-in-stock-and-slightly-discounted,0,Negative
NewsAPI,"This 15â€³ HP Laptop (64GB RAM, 2TB SSD) Is Down $3,500, Amazon Clears Out 2025 Model at 90% Off",Gizmodo Deals,https://gizmodo.com/this-15-hp-laptop-64gb-ram-2tb-ssd-is-down-3500-amazon-clears-out-2025-model-at-90-off-2000610883,0,Negative
NewsAPI,"Amazon Clears Out Dell Inspiron (Ryzen 7, 1TB SSD, Win 11 Pro) Stock, Now $2,800 Off and Bonuses Included",Gizmodo Deals,https://gizmodo.com/amazon-clears-out-dell-inspiron-ryzen-7-1tb-ssd-win-11-pro-stock-now-2800-off-and-bonuses-included-2000616153,0,Negative
NewsAPI,4 GPUs you should buy instead of the RX 9060 XT,Jacob Roach,https://www.xda-developers.com/best-rx-9060-xt-alternatives/,0,Negative
NewsAPI,Leaked AMD Ryzen 5 X3D gaming CPU will dominate the market â€” and it could launch this year,"c.cale.hunt@gmail.com (Cale Hunt) , Cale Hunt",https://www.windowscentral.com/hardware/cpu-gpu-components/amd-ryzen-5-9600x3d-leak,0,Negative
NewsAPI,Better Artificial Intelligence Stock: Nvidia vs. AMD,,https://consent.yahoo.com/v2/collectConsent?sessionId=1_cc-session_2ee667b3-2391-4664-96ea-aa546512de76,0,Negative
NewsAPI,"This 15â€³ HP Laptop (64GB RAM, 2TB SSD) Is Down $3,500, Amazon Clears Out 2025 Model at 90% Off",Gizmodo Deals,https://gizmodo.com/this-15-hp-laptop-64gb-ram-2tb-ssd-is-down-3500-amazon-clears-out-2025-model-at-90-off-2000610883,0,Negative
NewsAPI,"AMD, Keysight Technologies Collaborate to Develop PCIe 6.0 for High-Speed AI Applications",Maham Fatima,https://finance.yahoo.com/news/amd-keysight-technologies-collaborate-develop-200329267.html,1,Positive
NewsAPI,AMD stock surges 10%. Here's what sparked the rally,Shannon Carroll,https://qz.com/amd-stock-share-price-rally-nvidia-lisa-su-helios,1,Positive
NewsAPI,Framework Laptop 12 press reviews are live and Framework Laptop 13 in-stock,,https://frame.work/blog/framework-laptop-12-press-reviews-are-live-and-framework-laptop-13-in-stock,0,Negative
NewsAPI,Framework Laptop 12 press reviews are live and Framework Laptop 13 in-stock,,https://frame.work/blog/framework-laptop-12-press-reviews-are-live-and-framework-laptop-13-in-stock,0,Negative
NewsAPI,The Powerful AMD Ryzen 9800X3D and 9950X3D Gaming CPUs Are in Stock and Slightly Discounted,Eric Song,https://www.ign.com/articles/amd-ryzen-9800x3d-and-9950x3d-gaming-cpus-are-in-stock-and-slightly-discounted,0,Negative
NewsAPI,The Powerful AMD Zen 5 9800X3D and 9950X3D Gaming CPUs Are Back in Stock on Amazon,Eric Song,https://www.ign.com/articles/amd-ryzen-9-9800x3d-9950x3d-gaming-cpu-deal-2025,0,Negative
NewsAPI,Four reasons why itâ€™s a surprisingly bad time to buy a gaming handheld,Sean Hollister,https://www.theverge.com/editorial/688415/state-of-handheld-gaming-editorial-switch-2-deck-oled-sold-out,0,Negative
NewsAPI,AMD stock surges 10%. Here's what sparked the rally,Shannon Carroll,https://qz.com/amd-stock-share-price-rally-nvidia-lisa-su-helios,1,Positive
NewsAPI,Leaked AMD Ryzen 5 X3D gaming CPU will dominate the market â€” and it could launch this year,"c.cale.hunt@gmail.com (Cale Hunt) , Cale Hunt",https://www.windowscentral.com/hardware/cpu-gpu-components/amd-ryzen-5-9600x3d-leak,0,Negative
NewsAPI,AMD stock surges 10%. Here's what sparked the rally,Shannon Carroll,https://qz.com/amd-stock-share-price-rally-nvidia-lisa-su-helios,1,Positive
NewsAPI,Why AMD Stock Has Rallied 60%,"Trefis Team, Contributor, 
 Trefis Team, Contributor
 https://www.forbes.com/sites/greatspeculations/people/trefis/",https://www.forbes.com/sites/greatspeculations/2025/06/18/why-amd-stock-has-rallied-60/,0,Negative
NewsAPI,Better Artificial Intelligence Stock: Nvidia vs. AMD,,https://consent.yahoo.com/v2/collectConsent?sessionId=1_cc-session_2ee667b3-2391-4664-96ea-aa546512de76,0,Negative
NewsAPI,Inside Microsoftâ€™s complicated relationship with OpenAI,Tom Warren,https://www.theverge.com/notepad-microsoft-newsletter/688964/microsoft-openai-relationship-notepad,1,Positive
NewsAPI,Best deals for PC gamers today: boutique rigs and game bundles,Christian Wait,https://www.rockpapershotgun.com/best-deals-for-today-june-19,1,Positive
NewsAPI,"HP Omen Laptop: Ryzen AI 9 365, 17.3"" 2560x1440 48-240Hz, 32GB RAM, 1TB SSD $1500 + Free Store Pickup",Dr.Wajahat,https://slickdeals.net/f/18354736-hp-omen-laptop-ryzen-ai-9-365-17-3-2560x1440-48-240hz-32gb-ram-1tb-ssd-1500-free-store-pickup,0,Negative
NewsAPI,Inside Microsoftâ€™s complicated relationship with OpenAI,Tom Warren,https://www.theverge.com/notepad-microsoft-newsletter/688964/microsoft-openai-relationship-notepad,1,Positive
NewsAPI,"Why chase a Nintendo Switch 2 when the Lenovo Legion Go is $200 off, in stock, and runs Windows 11 or SteamOS?","sean.endicott@futurenet.com (Sean Endicott) , Sean Endicott",https://www.windowscentral.com/gaming/pc-gaming/why-chase-a-nintendo-switch-2-when-the-lenovo-legion-go-is-usd200-off-in-stock-and-runs-windows-11-or-steamos,0,Negative
NewsAPI,"AMD, Keysight Technologies Collaborate to Develop PCIe 6.0 for High-Speed AI Applications",Maham Fatima,https://finance.yahoo.com/news/amd-keysight-technologies-collaborate-develop-200329267.html,1,Positive
